
-- Staff Table - 25 staff 
INSERT INTO Staff (staff_id, first_name, last_name, email, phone_number, street, city, position, join_date, salary_Rs)
VALUES
	('SF01', 'Aditya', 'Doula', 'notmyrealemail@gmail.com', '58401234', '123 Main St', 'Port Louis', 'Owner', '2020-01-01', 75000.00),
	('SF02', 'Viya', 'Dyal', 'againnotmyemail@gmail.com', '52501234', '456 Oak Ave', 'Quatre Bornes', 'Owner', '2020-02-01', 53550.00),
	('SF03', 'Quest', 'Drake', 'nothisemail@gmail.com', '58301234', '789 Pine Rd', 'Curepipe', 'Cook', '2020-03-01', 41250.00),
	('SF04', 'Jean', 'Denois', 'emailnothis@gmail.com', '57001234', '321 Maple Blvd', 'Vacoas', 'Manager', '2020-04-01', 47800.00),
	('SF05', 'Richard', 'Davis', 'richarddavis@gmail.com', '58501234', '654 Cedar St', 'Rose Hill', 'Waiter', '2020-05-01', 23500.00),
	('SF06', 'Maria', 'Garcia', 'mariagarcia@gmail.com', '52531234', '987 Elm Dr', 'Moka', 'Cook', '2020-06-01', 29650.00),
	('SF07', 'Michael', 'Martinez', 'michaelmartinez@gmail.com', '58001234', '147 Pine Rd', 'Port Louis', 'Cook', '2020-07-01', 35400.00),
	('SF08', 'Sarah', 'Wilson', 'sarahwilson@gmail.com', '52341234', '258 Oak Ave', 'Quatre Bornes', 'Cook', '2020-08-01', 32100.00),
	('SF09', 'Carlos', 'Anderson', 'carlosanderson@gmail.com', '58051234', '369 Maple Blvd', 'Curepipe', 'Waiter', '2020-09-01', 26700.00),
	('SF10', 'Lisa', 'Taylor', 'lisataylor@gmail.com', '58801234', '753 Cedar St', 'Vacoas', 'Inventory_keeper', '2020-10-01', 29500.00),
	('SF11', 'Robert', 'Jackson', 'robertjackson@gmail.com', '57011234', '369 Elm Dr', 'Rose Hill', 'Cleaner', '2020-11-01', 17900.00),
	('SF12', 'Karen', 'Lee', 'karenlee@gmail.com', '58061234', '753 Pine Rd', 'Moka', 'Cleaner', '2020-12-01', 17350.00),
	('SF13', 'Paul', 'Walker', 'paulwalker@gmail.com', '52511234', '369 Oak Ave', 'Port Louis', 'Helper', '2021-01-01', 16350.00),
	('SF14', 'Emily', 'Clark', 'emilyclark@gmail.com', '57021234', '753 Maple Blvd', 'Quatre Bornes', 'Helper', '2021-02-01', 16450.00),
	('SF15', 'Ravi', 'Ramtahal', 'raviram@gmail.com', '58473569', 'Baker Street', 'Port Louis', 'Cook', '2021-02-28', 35550.00),
	('SF16', 'Shailendra', 'Mungroo', 'shailmungroo@gmail.com', '57823914', 'Pope Hennessy Street', 'Curepipe', 'Waiter', '2021-03-06', 24800.00),
	('SF17', 'Kamal', 'Lutchmun', 'kamallutchmun@gmail.com', '59046302', 'Allee des Mangues', 'Vacoas', 'Inventory_keeper', '2021-03-12', 25400.00),
	('SF18', 'Anand', 'Rungoo', 'anand.rungoo@gmail.com', '57718098', 'St Jean Road', 'Quatre Bornes', 'Cook', '2021-03-20', 37550.00),
	('SF19', 'Neeraj', 'Sookun', 'neerajsookun@gmail.com', '59062315', 'Jummah Mosque Street', 'Rose Hill', 'Waiter', '2021-03-26', 24700.00),
	('SF20', 'Vishal', 'Bungaroo', 'vishalbungaroo@gmail.com', '57049268', 'Eau Coulée Road', 'Curepipe', 'Cook', '2021-04-01', 35200.00),
	('SF21', 'Christina', 'Lam', 'christinalam@gmail.com', '58507348', 'Ebene Cybercity', 'Ebene', 'Waiter', '2021-04-08', 27200.00),
	('SF22', 'Roshan', 'Seetohul', 'roshan.seetohul@gmail.com', '57294830', 'Dr Roux Street', 'Port Louis', 'Cleaner', '2021-04-15', 16100.00),
	('SF23', 'Mervin', 'Jhugroo', 'mervinjhugroo@gmail.com', '57043968', 'Terre Rouge Road', 'Pamplemousses', 'Helper', '2021-04-22', 21100.00),
	('SF24', 'Chetan', 'Goburdhone', 'chetangoburdhone@gmail.com', '57893461', 'Gordon Street', 'Curepipe', 'Waiter', '2021-04-29', 27500.00),
	('SF25', 'Sheila', 'Rughoonauth', 'sheilarughoonauth@gmail.com', '59287439', 'Savanne Road', 'Vacoas', 'Cook', '2021-05-06', 33200.00);





-- Menu table -  75 rows

INSERT INTO Menu (menu_id, item_name, description, price_Rs, category)
VALUES 
		('M001', 'Donut', 'Any two donuts (according to customer"s choice)', 55.00, 'breakfast'),
		('M002', 'TeaLovers/CoffeeLovers', 'Either tea or coffee and includes 4 sandwiches', 300.00, 'breakfast'),
		('M003', 'ChocoBerry', 'Chocolate Cookies with some fruit as topping and some ice cream', 255.00, 'breakfast'),
		('M004', 'Pancake', 'Two pancake, an egg and some sausages', 230.00, 'breakfast'),
		('M005', 'FruityMorning', 'A healthy plate with 4 pancakes and two variety of fruits with honey as topping, along with some yogurt', 415.00, 'breakfast'),
		('M006', 'Noodles', 'Both boiled noodles and fried noodles available with either chicken or fish or Lamb', 575.00, 'Main Course'),
		('M007', 'Burger', 'A big Burger in either chicken or beef or fish or salmon along with a portion of potato chips and a drink together', 600.00, 'Main Course'),
		('M008', 'Lasagne', 'Chicken or Beef Lasagne', 350.00, 'Main Course'),
		('M009', 'Pizza', 'Different sizes and types', 575.00, 'Main Course'),
		('M010', 'Lobster', 'Two big lobster with lemons and a drink', 1050.00, 'Main Course'),
		('M011', 'CoupleLamb', 'Lambs, salad and drinks (for two people)', 950.00, 'Main Course'),
		('M012', 'TheFamilyPlate', 'Indian food with around 5 different curry (for around 8 people)', 1250.00, 'Main Course'),
		('M013', 'TheSeaPlate', 'Lobster, Crabs, Shrimp, with lemon topping and some salads', 800.00, 'Main Course'),
		('M014', 'Water', 'A glass of water', 75.00, 'Drinks'),
		('M015', 'FruitJuice', 'A glass of juice available in different flavours (Strawberry, Mango, Peach etc)', 100.00, 'Drinks'),
		('M016', 'Cocktail', 'A glass of cocktail available in different flavours', 150.00, 'Drinks'),
		('M017', 'Wine', 'A glass of wine according to customer"s choice', 150.00, 'Drinks'),
		('M018', 'Whisky', 'A glass of whisky according to customer"s choice', 175.00, 'Drinks'),
		('M019', 'CoupleDessert', 'Chocolate ice cream at the bottom, some fruits and cream on top', 125.00, 'Dessert'),
		('M020', 'ChocolateCake', 'A slice of chocolate cake', 150.00, 'Dessert'),
		('M021', 'RedVelvetCake', 'A slice of Red Velvet', 175.00, 'Dessert'),
		('M022', 'BlueBerryCheesecake', 'A slice on blueberry cheesecake and 5 blueberry together', 225.00, 'Dessert'),
		('M023', 'Beef Fajitas', 'Sliced beef, sautéed peppers and onions, served with tortillas', 425.00, 'Main Course'),
		('M024', 'Prawn Curry', 'Mauritian-style prawn curry with rice and lentil soup', 350.00, 'Main Course'),
		('M025', 'Vegetable Fried Rice', 'Stir-fried rice with mixed vegetables and soy sauce', 175.00, 'Main Course'),
		('M026', 'Biryani', 'Traditional Indian rice dish with meat or vegetables and spices', 400.00, 'Main Course'),
		('M027', 'Beef Stroganoff', 'Beef in a sour cream and mushroom sauce, served with noodles', 325.00, 'Main Course'),
		('M028', 'Sushi Combo', 'Assorted sushi rolls with pickled ginger and wasabi x 20', 450.00, 'Main Course'),
		('M029', 'Pad Thai', 'Stir-fried noodles with shrimp, tofu, bean sprouts, and peanuts', 275.00, 'Main Course'),
		('M030', 'Beef Burger', 'Grilled beef patty with lettuce, tomato, and cheese, served with fries', 225.00, 'Main Course'),
		('M031', 'Chicken Caesar Salad', 'Grilled chicken, romaine lettuce, croutons, and parmesan cheese', 175.00, 'Appetizer'),
		('M032', 'Tomato Soup', 'Creamy tomato soup with croutons', 125.00, 'Appetizer'),
		('M033', 'Caprese Salad', 'Fresh mozzarella, tomato, and basil drizzled with balsamic glaze', 150.00, 'Appetizer'),
		('M034', 'Bruschetta', 'Toasted bread topped with tomato, basil, and garlic', 100.00, 'Appetizer'),
		('M035', 'Spring Rolls', 'Crispy vegetable spring rolls with sweet chili sauce', 125.00, 'Appetizer'),
		('M036', 'Mango Lassi', 'A sweet and creamy mango-flavored yogurt drink', 100.00, 'Drinks'),
		('M037', 'Mojito', 'A classic cocktail with lime, mint, and rum', 175.00, 'Drinks'),
		('M038', 'Mauritian Alouda', 'A sweet and creamy milkshake made with milk, basil seeds, and vanilla', 125.00, 'Drinks'),
		('M039', 'Mauritian Gateau Patate', 'A sweet potato and coconut cake', 150.00, 'Dessert'),
		('M040', 'Crème Brûlée', 'A classic French dessert with a caramelized sugar topping', 175.00, 'Dessert'),
		('M041', 'Octopus Salad', 'Fresh octopus salad with lemon and garlic dressing. Serves 1-2 people.', 250.00, 'Starter'),
		('M042', 'Chicken Kebab', 'Grilled chicken kebab with vegetables and tamarind sauce. Serves 1-2 people.', 350.00, 'Main Course'),
		('M043', 'Fish and Chips', 'Deep-fried fish served with chips and tartar sauce. Serves 1-2 people.', 300.00, 'Main Course'),
		('M044', 'Dholl Puri', 'Mauritian street food staple made of flatbread, split peas, and chutney. Serves 1 person.', 50.00, 'Local Delicacy'),
		('M045', 'Biryani - Mauritian style', 'Spiced rice dish with either chicken, lamb, or fish. Served with pickles and raita. Serves 1-2 people.', 400.00, 'Main Course'),
		('M046', 'Boulettes Soup', 'Dumplings made of fish or shrimp in a spicy broth. Serves 1 person.', 150.00, 'Local Delicacy'),
		('M047', 'Pizza Margherita', 'Classic pizza with tomato sauce, mozzarella, and basil. Serves 1-2 people.', 350.00, 'Main Course'),
		('M048', 'Lamb Curry', 'Slow-cooked lamb in a fragrant curry sauce. Served with rice and naan bread. Serves 1-2 people.', 450.00, 'Main Course'),
		('M049', 'Crab Soup', 'Creamy soup with crab meat and spices. Serves 1 person.', 200.00, 'Starter'),
		('M050', 'Grilled Shrimp', 'Fresh shrimp marinated in garlic and herbs. Served with salad. Serves 1-2 people.', 400.00, 'Main Course'),
		('M051', 'Rougaille Saucisse', 'Spicy tomato-based stew with sausages. Served with rice. Serves 1-2 people.', 300.00, 'Local Delicacy'),
		('M052', 'Beef Burger', 'Juicy beef burger with cheese and bacon. Served with fries. Serves 1 person.', 250.00, 'Main Course'),
		('M053', 'Fried Rice', 'Stir-fried rice with mixed vegetables and choice of meat (chicken, shrimp, or pork). Serves 1-2 people.', 300.00, 'Main Course'),
		('M054', 'Daube', 'Mauritian beef stew slow-cooked in a rich tomato sauce. Served with rice or potatoes. Serves 1-2 people.', 350.00, 'Local Delicacy'),
		('M055', 'Nasi Goreng', 'Indonesian-style fried rice with chicken, shrimp, and vegetables. Serves 1-2 people.', 400.00, 'Main Course'),
		('M056', 'Prawn Curry', 'Creamy curry with prawns and coconut milk. Served with rice. Serves 1-2 people.', 450.00, 'Main Course'),
		('M057', 'Fish Vindaye', 'Spicy fish dish with mustard and tamarind. Served with rice. Serves 1-2 people.', 380.00, 'Local Delicacy'),
		('M058', 'Mauritian Fried Rice for 2', 'A Mauritian twist to the classic fried rice, served with vegetables and chicken or shrimp, for 2 people', 450.00, 'Main Course'),
		('M059', 'Rougaille Sausage Extra Spicy', 'A traditional Mauritian dish made with sausages, tomatoes, onions and spices, served with rice prepare your stomach!', 215.00, 'Main Course'),
		('M060', 'Octopus Curry', 'A spicy curry made with octopus and served with rice and lentils', 390.00, 'Main Course'),
		('M061', 'Gateau Piment', 'A popular street food in Mauritius made with split peas, chilies and coriander, served with a tangy tomato chutney x 50', 150.00, 'Appetizer'),
		('M062', 'Bol Renverse Chicken', 'A Mauritian take on the Chinese dish, served with chicken, vegetables, rice and an egg on top', 375.00, 'Main Course'),
		('M063', 'Fish Vindaye', 'A tangy and spicy fish dish made with mustard seeds, tamarind and garlic, served with rice and lentils', 325.00, 'Main Course'),
		('M064', 'Roti', 'A Mauritian staple made with lentil flour flatbread and served with bean curry and tomato chutney', 90.00, 'Appetizer'),
		('M065', 'Biryani Chicken for 2', 'A fragrant rice dish with chicken, spices and vegetables, served for 2 people', 550.00, 'Main Course'),
		('M066', 'Daube de Boeuf', 'A rich and flavorful beef stew made with red wine, served with rice or potatoes', 1200.00, 'Main Course'),
		('M067', 'Fried Noodles Mauritian Style', 'A stir-fried noodle dish with vegetables and your choice of chicken, shrimp or vegetables', 585.00, 'Main Course'),
		('M068', 'Samoussa Chicken', 'A crispy pastry filled with spiced chicken and vegetables, served with a tangy sauce x 50', 155.00, 'Appetizer'),
		('M069', 'Fish Cakes', 'A savory and spicy snack made with fish, potatoes and herbs, served with a tomato chutney', 200.00, 'Appetizer'),
		('M070', 'Rougaille Tofu', 'A vegetarian version of the classic Mauritian dish made with tofu, tomatoes, onions and spices, served with rice', 560.00, 'Main Course'),
		('M071', 'Grilled Fish Mauritian Style', 'Fresh fish grilled with a blend of spices and herbs, served with salad and rice', 480.00, 'Main Course'),
		('M072', 'Mine Frites Chicken', 'A Mauritian-Chinese fusion dish made with crispy noodles, chicken, vegetables and a spicy sauce', 375.00, 'Main Course'),
		('M073', 'Boulettes Soup', 'A comforting soup made with meatballs, vermicelli noodles and vegetables, served with bread', 275.00, 'Soup'),
		('M074', 'Coconut Chutney', 'A sweet and spicy condiment made with fresh coconut, chilies and herbs', 150.00, 'Sides'),
		('M075', 'Samosa Vegetable', 'A crispy pastry filled with spiced vegetables, served with a tangy sauce ', 30.00, 'Appetizer');


-- Supplier table - 30 rows

INSERT INTO Suppliers (supplier_id, supplier_name, supplier_contact, supplier_email, street, city)
VALUES 
('SP01', 'Top Tomatoes Ltd', '51234567', 'toptomatoesltd@gmail.com', 'La Tour Koenig Road', 'Pointe aux Sables'),
('SP02', 'Best Potatoes Ltd', '52345678', 'bestpotatoesltd@gmail.com', 'Royal Road', 'Phoenix'),
('SP03', 'Blueberry Organic Ltd', '53456789', 'blueberryorganicltd@gmail.com', 'Rue Labourdonnais', 'Port Louis'),
('SP04', 'Charlie & the choco Factory Ltd', '54567891', 'charliechocofactory@gmail.com', 'Main Road', 'Triolet'),
('SP05', 'La Fish', '55678912', 'lafish@gmail.com', 'Royal Road', 'Rose Hill'),
('SP06', 'Big Chickens Ltd', '56789123', 'bigchickensltd@gmail.com', 'Cote Dor Avenue', 'Flic en Flac'),
('SP07', 'Juicy Beef Ltd', '57891234', 'juicybeefltd@gmail.com', 'Mare Gravier Road', 'Vacoas-Phoenix'),
('SP08', 'Lamb Lamb Ltd', '58912345', 'lamblamb@gmail.com', 'SSR Street', 'Curepipe'),
('SP09', 'The Noodles Company', '59123456', 'thenoodlescompany@gmail.com', 'Dr. Eugène Laurent Street', 'Port Louis'),
('SP10', 'Ocean Picks Ltd', '51234569', 'oceanpicksltd@gmail.com', 'Arsenal Road', 'Port Louis'),
('SP11', 'Another Chicken Supplier', '51234561', 'anotherchickensupplier@gmail.com', 'Sir William Newton Street', 'Port Louis'),
('SP12', 'Fish and Chips', '51234562', 'fishandchips@gmail.com', 'Edward VII Avenue', 'Quatre Bornes'),
('SP13', 'Flour Industries', '51234563', 'flourindustries@gmail.com', 'Rue St. George', 'Port Louis'),
('SP14', 'Good Fruits Ltd', '51234564', 'goodfruitsltd@gmail.com', 'Labourdonnais Street', 'Port Louis'),
('SP15', 'Lasagne Sheet', '51234565', 'lasagnesheet@gmail.com', 'Corderie Street', 'Port Louis'),
('SP16', 'Indian Paste Supply', '51234566', 'indianpastesupply@gmail.com', 'Sir Virgil Naz Street', 'Port Louis'),
('SP17', 'Boire Frais Ltd', '52234568', 'boirefrais@gmail.com', 'Caudan Waterfront', 'Port Louis'),
('SP18', 'Veggie Vegs Ltd', '53234568', 'veggievegsltd@gmail.com', 'Avenue des Goyaviers', 'Beau Bassin-Rose Hill'),
('SP19', 'Sugary Milk Supply', '54234568', 'sugarymilksupply@gmail.com', 'Moka Road', 'St. Pierre'),
('SP20', 'The Burger Bun Ltd', '55234568', 'theburgerbunltd@gmail.com', 'Pope Hennessy Street', 'Curepipe'),
('SP21', 'Tea Time Ltd', '56234568', 'teaTime@gmail.com', 'Royal Road', 'Rose Hill'),
('SP22', 'Rice & Spice', '57347618', 'riceAndSpice@gmail.com', 'Lalitpoulle Street', 'Curepipe'),
('SP23', 'The French Bakery', '56347829', 'frenchBakery@gmail.com', 'Sir William Newton Street', 'Port-Louis'),
('SP24', 'Fruit Nation Ltd', '55347930', 'fruitNation@gmail.com', 'St. Paul Street', 'Vacoas-Phoenix'),
('SP25', 'Snack Attack', '54347021', 'snackAttack@gmail.com', 'St. Jean Street', 'Curepipe'),
('SP26', 'The Cake Studio', '53347112', 'cakeStudio@gmail.com', 'Simpson Street', 'Rose Hill'),
('SP27', 'Pizza Planet', '52347203', 'pizzaPlanet@gmail.com', 'Royal Road', 'Quatre Bornes'),
('SP28', 'Sausage King', '51347304', 'sausageKing@gmail.com', 'Madame Azor Street', 'Port-Louis'),
('SP29', 'Burger Boss', '50347415', 'burgerBoss@gmail.com', 'Ebene Cybercity', 'Ebene'),
('SP30', 'Curry House', '49347526', 'curryHouse@gmail.com', 'Emmanuel Anquetil Street', 'Port-Louis');



-- Inventory table - 40 rows 

INSERT INTO Inventory (product_id, product_name, stock_quantity, reorder_threshold, supplier_id)
VALUES
('P001', 'Flour (Kg)', 50, 20, 'SP13'),
('P002', 'Sugar (Kg)', 40, 15, 'SP19'),
('P003', 'Eggs (per box)', 400, 75, 'SP11'),
('P004', 'Milk (L)', 100, 50, 'SP21'),
('P005', 'Butter (L)', 12, 50, 'SP26'),
('P006', 'Beef (Kg)', 150, 30, 'SP07'),
('P007', 'Chicken (Kg)', 150, 30, 'SP06'),
('P008', 'Fish (Kg)', 75, 15, 'SP05'),
('P009', 'Tomatoes (Kg)', 60, 50, 'SP01'), 
('P010', 'Potatoes (Kg)', 200, 50, 'SP02'),
('P011', 'Blueberries (Kg)', 10, 3, 'SP03'),
('P012', 'Chocolate (Kg)', 30, 5, 'SP04'),
('P013', 'Lamb (Kg)', 50, 10, 'SP08'),
('P014', 'Noodles (kg)', 40, 15, 'SP09'),
('P015', 'Shrimp (Kg)', 2, 5, 'SP10'),
('P016', 'Tortillas (per pack)', 150, 30, 'SP27'),
('P017', 'Beef Patties (per pack )', 100, 20, 'SP28'),
('P018', 'Cheese (Kg)', 20, 5, 'SP26'),
('P019', 'Bread', 250, 50, 'SP29'),
('P020', 'Soy sauce (L)', 40, 15, 'SP15'),
('P021', 'Fish Fillet (Kg)', 30, 15, 'SP10'),
('P022', 'Chicken Patties (per pack)', 100, 20, 'SP25'),
('P023', 'Strawberries (Kg)', 1, 5, 'SP14'),
('P024', 'Chocolate Syrup (L)', 20, 5, 'SP04'),
('P025', 'Brede (Kg)', 35, 10, 'SP18'),
('P026', 'Lobster Tail (per unit)', 30, 15, 'SP12'),
('P027', 'Spinach (Kg)', 20, 5, 'SP18'),
('P028', 'Mushrooms (Kg)', 1, 3, 'SP22'),
('P029', 'Salt (Kg)', 15, 5, 'SP30'),
('P030', 'Lettuce (per unit)', 65, 15, 'SP18'),
('P031', 'Burger Buns (per pack)', 60, 15, 'SP20'),
('P032', 'Cinnamon Powder (per pack)', 20, 10, 'SP16'),
('P033', 'Coffee Beans (Kg)', 50, 20, 'SP21'),
('P034', 'Ginger Paste (per box)', 25, 10, 'SP30'),
('P035', 'Tomato Puree (Kg)', 40, 15, 'SP01'),
('P036', 'Olive Oil (L)', 35, 15, 'SP15'),
('P037', 'Garlic Cloves (Kg)', 60, 25, 'SP22'),
('P038', 'Cucumber (per unit)', 55, 15, 'SP18'),
('P039', 'Sour pickle (per box)', 6, 20, 'SP23'),
('P040', 'Zachar (per box)', 30, 15, 'SP16');





-- Customer Orders insert
INSERT INTO Customer_Orders (CN_id, customer_id, first_name, last_name, email, phone_number, street, city, date, menu_id)
VALUES  
('CN001', 'C021', 'Olivia', 'Wilson', 'oliviawilson@gmail.com', '57489632', 'Rue Dr Edgard Laurette', 'Beau Bassin', '2023-03-19',  'M007'),
('CN002', 'C017', 'David', 'Smith', 'davidsmith@gmail.com', '57369852', 'Church St', 'Rose Hill', '2023-03-19', 'M053'),
('CN003', 'C019', 'Sarah', 'Jones', 'sarahjones@gmail.com', '58796584', 'Rue de L"Eglise', 'Pamplemousses', '2023-03-19', 'M075'),
('CN004', 'C027', 'Sophia', 'White', 'sophiawhite@gmail.com', '57396854', 'Royal Rd', 'Moka', '2023-03-19', 'M073'),
('CN005', 'C025', 'Noah', 'Thomas', 'noahthomas@gmail.com', '58746952', 'Corderie St', 'Port Louis', '2023-03-19', 'M011'),
('CN006', 'C031', 'James', 'Moore', 'jamesmoore@gmail.com', '58746952', 'Sir Celicourt Antelme St', 'Mahebourg', '2023-03-19', 'M067'),
('CN007', 'C032', 'Avery', 'Baker', 'averybaker@gmail.com', '58746952', 'Royal Road', 'Curepipe', '2023-03-19', 'M023'),
('CN008', 'C033', 'Brielle', 'Black', 'brielleblack@gmail.com', '58746953', 'Royal Road', 'Quatre Bornes', '2023-03-19', 'M045'),
('CN009', 'C034', 'Cameron', 'Brown', 'cameronbrown@gmail.com', '58746954', 'Holland Street', 'Rose Hill', '2023-03-19', 'M012'),
('CN010', 'C035', 'Darcy', 'Davis', 'darcydavis@gmail.com', '58746955', 'China Town', 'Port Louis', '2023-03-19', 'M037'),
('CN011', 'C036', 'Eli', 'Evans', 'elievans@gmail.com', '58746956', 'Queen Street', 'Curepipe', '2023-03-19', 'M068'),

('CN012', 'C022', 'Liam', 'Garcia', 'liamgarcia@gmail.com', '58746952', 'Royal Rd', 'Moka', '2023-03-20', 'M048'),
('CN013', 'C023', 'Ava', 'Martinez', 'avamartinez@gmail.com', '59623541', 'Chemin Vingt Pieds', 'Tamarin', '2023-03-20', 'M059'),
('CN014', 'C037', 'Frankie', 'Foster', 'frankiefoster@gmail.com', '58746957', 'Greenwich Street', 'Quatre Bornes', '2023-03-20', 'M004'),
('CN015', 'C038', 'Greta', 'Green', 'gretagreen@gmail.com', '58746958', 'High Street', 'Rose Hill', '2023-03-20', 'M052'),
('CN016', 'C039', 'Hunter', 'Hayes', 'hunterhayes@gmail.com', '58746959', 'Marechal Leclerc Street', 'Port Louis', '2023-03-20', 'M001'),
('CN017', 'C040', 'Ivy', 'Irwin', 'ivyirwin@gmail.com', '58746960', 'Marine Road', 'Curepipe', '2023-03-20', 'M071'),
('CN018', 'C041', 'Jayden', 'Johnson', 'jaydenjohnson@gmail.com', '58746961', 'Royal Road', 'Quatre Bornes', '2023-03-20', 'M020'),
('CN019', 'C042', 'Kai', 'King', 'kaiking@gmail.com', '58746962', 'Chowry Madoo Road', 'Rose Hill', '2023-03-20', 'M044'),

('CN020', 'C016', 'Jane', 'Doe', 'janedoe@gmail.com', '59263547', 'Rue de Labourdonnais', 'Port Louis', '2023-03-21', 'M032'),
('CN021', 'C027', 'Sophia', 'White', 'sophiawhite@gmail.com', '57396854', 'Royal Rd', 'Moka', '2023-03-21', 'M013'),
('CN022', 'C018', 'Emily', 'Johnson', 'emilyjohnson@gmail.com', '54231568', 'Sir Celicourt Antelme St', 'Mahebourg', '2023-03-21', 'M054'),
('CN023', 'C043', 'Lila', 'Lee', 'lilalee@gmail.com', '58746963', 'La Chaussée Street', 'Port Louis', '2023-03-21', 'M010'),
('CN024', 'C043', 'Max', 'Murphy', 'maxmurphy@gmail.com', '58746964', 'Candos Road', 'Curepipe', '2023-03-21', 'M056'),
('CN025', 'C044', 'Nina', 'Nelson', 'ninanelson@gmail.com', '58746965', 'Trianon Shopping Park', 'Quatre Bornes', '2023-03-21', 'M037'),
('CN026', 'C045', 'Emma', 'White', 'emma.white@gmail.com', '57931245', 'Chemin Vingt Pieds', 'Grand Bay', '2023-03-21', 'M017'),

('CN027', 'C027', 'Sophia', 'White', 'sophiawhite@gmail.com', '57396854', 'Royal Rd', 'Moka', '2023-03-22', 'M063'),
('CN028', 'C025', 'Noah', 'Thomas', 'noahthomas@gmail.com', '58746952', 'Corderie St', 'Port Louis', '2023-03-22', 'M061'),
('CN029', 'C018', 'Emily', 'Johnson', 'emilyjohnson@gmail.com', '54231568', 'Sir Celicourt Antelme St', 'Mahebourg', '2023-03-22', 'M014'),
('CN030', 'C046', 'Oliver', 'Smith', 'oliver.smith@gmail.com', '58092361', 'Rue Georges Guibert', 'Curepipe', '2023-03-22', 'M050'),
('CN031', 'C047', 'Sophia', 'Johnson', 'sophia.johnson@gmail.com', '57781234', 'Rue Saint Pierre', 'Port Louis', '2023-03-22', 'M010'),
('CN032', 'C048', 'Liam', 'Anderson', 'liam.anderson@gmail.com', '58439201', 'Rue Labourdonnais', 'Rose Hill', '2023-03-22', 'M074'),
('CN033', 'C049', 'Ava', 'Brown', 'ava.brown@gmail.com', '58628314', 'Morcellement La Paix', 'Curepipe', '2023-03-22', 'M038'),
('CN034', 'C050', 'William', 'Davis', 'william.davis@gmail.com', '58123985', 'Morcellement St Andre', 'Mahebourg', '2023-03-22', 'M024'),
('CN035', 'C051', 'Isabella', 'Wilson', 'isabella.wilson@gmail.com', '57782468', 'Rue Sainte Anne', 'Port Louis', '2023-03-22', 'M003'),
('CN036', 'C052', 'Mia', 'Miller', 'mia.miller@gmail.com', '58431278', 'Morcellement Bagatelle', 'Moka', '2023-03-22', 'M069'),

('CN037', 'C015', 'John', 'Doe', 'johndoe@gmail.com', '58478569', 'St Jean Rd', 'Quatre Bornes', '2023-03-23', 'M071'),
('CN038', 'C017', 'David', 'Smith', 'davidsmith@gmail.com', '57369852', 'Church St', 'Rose Hill', '2023-03-23', 'M033'),
('CN039', 'C053', 'James', 'Jones', 'james.jones@gmail.com', '58312457', 'Rue du Colonel Maingard', 'Curepipe', '2023-03-23', 'M025'),
('CN040', 'C054', 'Ethan', 'Garcia', 'ethan.garcia@gmail.com', '58539201', 'Rue Saint Jean', 'Rose Hill', '2023-03-23', 'M052'),
('CN041', 'C055', 'Samantha', 'Lee', 'samantha.lee@gmail.com', '57980432', 'Rue Labourdonnais', 'Port Louis', '2023-03-23', 'M068'),
('CN042', 'C056', 'Oliver', 'Wong', 'oliver.wong@gmail.com', '57812345', 'Chemin Du Poste De Flacq', 'Flacq', '2023-03-23', 'M035'),
('CN043', 'C057', 'Emma', 'Carter', 'emma.carter@gmail.com', '57234567', 'Rue Nicolay', 'Curepipe', '2023-03-23', 'M025'),
('CN044', 'C058', 'Aiden', 'Lewis', 'aiden.lewis@gmail.com', '57567890', 'Rue Suffren', 'Mahebourg', '2023-03-23', 'M056'),

('CN045', 'C026', 'Isabella', 'Jackson', 'isabellajackson@gmail.com', '59635214', 'Chemin Vingt Pieds', 'Tamarin', '2023-03-24', 'M062'),
('CN046', 'C031', 'James', 'Moore', 'jamesmoore@gmail.com', '58746952', 'Sir Celicourt Antelme St', 'Mahebourg', '2023-03-24', 'M047'),
('CN047', 'C059', 'Evelyn', 'Baker', 'evelyn.baker@gmail.com', '57567909', 'Rue Raffray', 'Quatre Bornes', '2023-03-24', 'M011'),
('CN048', 'C060', 'William', 'Chen', 'william.chen@gmail.com', '57678901', 'Rue de l Eglise', 'Vacoas', '2023-03-24', 'M071'),
('CN049', 'C061', 'Natalie', 'Harris', 'natalie.harris@gmail.com', '57432109', 'Rue Soopramanien', 'Rose Belle', '2023-03-24', 'M003'),
('CN050', 'C062', 'Lucas', 'Taylor', 'lucas.taylor@gmail.com', '57894561', 'Rue Calcutta', 'Triolet', '2023-03-24', 'M022'),
('CN051', 'C063', 'Audrey', 'Allen', 'audrey.allen@gmail.com', '57901234', 'Avenue Sir William Newton', 'Curepipe', '2023-03-24', 'M072'),
('CN052', 'C064', 'Grace', 'Zhang', 'grace.zhang@gmail.com', '57890123', 'Rue St Jean', 'Beau Bassin', '2023-03-24', 'M047'),
('CN053', 'C065', 'Daniel', 'Garcia', 'daniel.garcia@gmail.com', '57456789', 'Rue Royale', 'Port Louis', '2023-03-24', 'M041'),

('CN054', 'C017', 'David', 'Smith', 'davidsmith@gmail.com', '57369852', 'Church St', 'Rose Hill', '2023-03-25', 'M023'),
('CN055', 'C018', 'Emily', 'Johnson', 'emilyjohnson@gmail.com', '54231568', 'Sir Celicourt Antelme St', 'Mahebourg', '2023-03-25', 'M054'),
('CN056', 'C019', 'Sarah', 'Jones', 'sarahjones@gmail.com', '58796584', 'Rue de L"Eglise', 'Pamplemousses', '2023-03-25', 'M035'),
('CN057', 'C020', 'Adam', 'Brown', 'adambrown@gmail.com', '57853694', 'Pope Hennessy St', 'Curepipe', '2023-03-25', 'M066'),
('CN058', 'C066', 'Nathan', 'Johnson', 'nathanjohnson@gmail.com', '58712654', 'La Chaumiere Rd', 'Chemin Grenier', '2023-03-25', 'M030'),
('CN059', 'C067', 'Liam', 'Wilson', 'liamwilson@gmail.com', '58708563', 'Avenue Victor Hugo', 'Quatre Bornes', '2023-03-25', 'M015'),
('CN060', 'C068', 'Olivia', 'Garcia', 'oliviagarcia@gmail.com', '58774321', 'La Vangardaise St', 'Vacoas', '2023-03-25', 'M073'),
('CN061', 'C069', 'Lucas', 'Harris', 'lucasharris@gmail.com', '58731904', 'Rue du Capitaine', 'Rose Hill', '2023-03-25', 'M065'),

('CN062', 'C021', 'Olivia', 'Wilson', 'oliviawilson@gmail.com', '57489632', 'Rue Dr Edgard Laurette', 'Beau Bassin', '2023-03-26', 'M067'),
('CN063', 'C024', 'Mia', 'Anderson', 'miaanderson@gmail.com', '56482319', 'Le Reduit St', 'Rose Hill', '2023-03-26', 'M001'),
('CN064', 'C025', 'Noah', 'Thomas', 'noahthomas@gmail.com', '58746952', 'Corderie St', 'Port Louis', '2023-03-26', 'M010'),
('CN065', 'C070', 'Ethan', 'Lopez', 'ethanlopez@gmail.com', '58717542', 'Chemin Benares', 'Bel Air', '2023-03-26', 'M028'),
('CN066', 'C071', 'Emma', 'Campbell', 'emmacampbell@gmail.com', '58723451', 'Avenue de Lorette', 'Grand Baie', '2023-03-26', 'M062'),
('CN067', 'C072', 'Sebastian', 'Foster', 'sebastianfoster@gmail.com', '58764251', 'Route Royale', 'Flic en Flac', '2023-03-26', 'M025'),
('CN068', 'C073', 'Charlotte', 'Lee', 'charlottee@gmail.com', '58738092', 'Avenue Eugène Laurent', 'Port Louis', '2023-03-26', 'M041'),
('CN069', 'C074', 'Isabella', 'Nguyen', 'isabellanguyen@gmail.com', '58789231', 'Rue de la Cure', 'Beau Bassin', '2023-03-26', 'M036'),
('CN070', 'C075', 'Daniel', 'Taylor', 'danieltaylor@gmail.com', '58740928', 'Avenue des Pamplemousses', 'Triolet', '2023-03-26', 'M052'),

('CN071', 'C026', 'Isabella', 'Jackson', 'isabellajackson@gmail.com', '59635214', 'Chemin Vingt Pieds', 'Tamarin', '2023-03-27', 'M042'),
('CN072', 'C027', 'Sophia', 'White', 'sophiawhite@gmail.com', '57396854', 'Royal Rd', 'Moka', '2023-03-27', 'M023'),
('CN073', 'C022', 'Liam', 'Garcia', 'liamgarcia@gmail.com', '58746952', 'Royal Rd', 'Moka', '2023-03-27', 'M058'),
('CN074', 'C031', 'James', 'Moore', 'jamesmoore@gmail.com', '58746952', 'Sir Celicourt Antelme St', 'Mahebourg', '2023-03-27', 'M017'),
('CN075', 'C024', 'Mia', 'Anderson', 'miaanderson@gmail.com', '56482319', 'Le Reduit St', 'Rose Hill', '2023-03-27', 'M071'),
('CN076', 'C032', 'Avery', 'Baker', 'averybaker@gmail.com', '58746952', 'Royal Road', 'Curepipe', '2023-03-27', 'M024'),
('CN077', 'C033', 'Brielle', 'Black', 'brielleblack@gmail.com', '58746953', 'Royal Road', 'Quatre Bornes', '2023-03-27', 'M055'),
('CN078', 'C034', 'Cameron', 'Brown', 'cameronbrown@gmail.com', '58746954', 'Holland Street', 'Rose Hill', '2023-03-27', 'M016'),
('CN079', 'C035', 'Darcy', 'Davis', 'darcydavis@gmail.com', '58746955', 'China Town', 'Port Louis', '2023-03-27', 'M067'),
('CN080', 'C036', 'Eli', 'Evans', 'elievans@gmail.com', '58746956', 'Queen Street', 'Curepipe', '2023-03-27', 'M060'),
('CN081', 'C037', 'Frankie', 'Foster', 'frankiefoster@gmail.com', '58746957', 'Greenwich Street', 'Quatre Bornes', '2023-03-27', 'M064'),
('CN082', 'C038', 'Greta', 'Green', 'gretagreen@gmail.com', '58746958', 'High Street', 'Rose Hill', '2023-03-27', 'M056'),
('CN083', 'C039', 'Hunter', 'Hayes', 'hunterhayes@gmail.com', '58746959', 'Marechal Leclerc Street', 'Port Louis', '2023-03-27', 'M031'),
('CN084', 'C040', 'Ivy', 'Irwin', 'ivyirwin@gmail.com', '58746960', 'Marine Road', 'Curepipe', '2023-03-27', 'M061'),

('CN085', 'C015', 'John', 'Doe', 'johndoe@gmail.com', '58478569', 'St Jean Rd', 'Quatre Bornes', '2023-03-28', 'M031'),
('CN086', 'C016', 'Jane', 'Doe', 'janedoe@gmail.com', '59263547', 'Rue de Labourdonnais', 'Port Louis', '2023-03-28', 'M052'),
('CN087', 'C017', 'David', 'Smith', 'davidsmith@gmail.com', '57369852', 'Church St', 'Rose Hill', '2023-03-28', 'M073'),
('CN088', 'C022', 'Liam', 'Garcia', 'liamgarcia@gmail.com', '58746952', 'Royal Rd', 'Moka', '2023-03-28', 'M048'),
('CN089', 'C046', 'Oliver', 'Smith', 'oliver.smith@gmail.com', '58092361', 'Rue Georges Guibert', 'Curepipe', '2023-03-28', 'M054'),
('CN090', 'C047', 'Sophia', 'Johnson', 'sophia.johnson@gmail.com', '57781234', 'Rue Saint Pierre', 'Port Louis', '2023-03-28', 'M030'),
('CN091', 'C048', 'Liam', 'Anderson', 'liam.anderson@gmail.com', '58439201', 'Rue Labourdonnais', 'Rose Hill', '2023-03-28', 'M064'),
('CN092', 'C049', 'Ava', 'Brown', 'ava.brown@gmail.com', '58628314', 'Morcellement La Paix', 'Curepipe', '2023-03-28', 'M028'),
('CN093', 'C050', 'William', 'Davis', 'william.davis@gmail.com', '58123985', 'Morcellement St Andre', 'Mahebourg', '2023-03-28', 'M074'),
('CN094', 'C051', 'Isabella', 'Wilson', 'isabella.wilson@gmail.com', '57782468', 'Rue Sainte Anne', 'Port Louis', '2023-03-28', 'M073'),
('CN095', 'C052', 'Mia', 'Miller', 'mia.miller@gmail.com', '58431278', 'Morcellement Bagatelle', 'Moka', '2023-03-28', 'M054'),
('CN096', 'C053', 'James', 'Jones', 'james.jones@gmail.com', '58312457', 'Rue du Colonel Maingard', 'Curepipe', '2023-03-28', 'M035'),
('CN097', 'C054', 'Ethan', 'Garcia', 'ethan.garcia@gmail.com', '58539201', 'Rue Saint Jean', 'Rose Hill', '2023-03-28', 'M059'),

('CN098', 'C023', 'Ava', 'Martinez', 'avamartinez@gmail.com', '59623541', 'Chemin Vingt Pieds', 'Tamarin', '2023-03-29', 'M029'),
('CN099', 'C024', 'Mia', 'Anderson', 'miaanderson@gmail.com', '56482319', 'Le Reduit St', 'Rose Hill', '2023-03-29', 'M001'),
('CN100', 'C025', 'Noah', 'Thomas', 'noahthomas@gmail.com', '58746952', 'Corderie St', 'Port Louis', '2023-03-29', 'M061'),
('CN101', 'C026', 'Isabella', 'Jackson', 'isabellajackson@gmail.com', '59635214', 'Chemin Vingt Pieds', 'Tamarin', '2023-03-29', 'M052'),
('CN102', 'C027', 'Sophia', 'White', 'sophiawhite@gmail.com', '57396854', 'Royal Rd', 'Moka', '2023-03-29', 'M057'),
('CN103', 'C028', 'William', 'Harris', 'williamharris@gmail.com', '58746521', 'St Jean Rd', 'Quatre Bornes', '2023-03-29', 'M012'),
('CN104', 'C029', 'Ethan', 'Martin', 'ethanmartin@gmail.com', '58741236', 'Rue de Labourdonnais', 'Port Louis', '2023-03-29', 'M065'),
('CN105', 'C063', 'Audrey', 'Allen', 'audrey.allen@gmail.com', '57901234', 'Avenue Sir William Newton', 'Curepipe', '2023-03-29', 'M073'),
('CN106', 'C064', 'Grace', 'Zhang', 'grace.zhang@gmail.com', '57890123', 'Rue St Jean', 'Beau Bassin', '2023-03-29', 'M027'),
('CN107', 'C065', 'Daniel', 'Garcia', 'daniel.garcia@gmail.com', '57456789', 'Rue Royale', 'Port Louis', '2023-03-29', 'M042'),
('CN108', 'C066', 'Nathan', 'Johnson', 'nathanjohnson@gmail.com', '58712654', 'La Chaumiere Rd', 'Chemin Grenier', '2023-03-29', 'M037'),
('CN109', 'C067', 'Liam', 'Wilson', 'liamwilson@gmail.com', '58708563', 'Avenue Victor Hugo', 'Quatre Bornes', '2023-03-29', 'M018'),
('CN110', 'C068', 'Olivia', 'Garcia', 'oliviagarcia@gmail.com', '58774321', 'La Vangardaise St', 'Vacoas', '2023-03-29', 'M043'),
('CN111', 'C069', 'Lucas', 'Harris', 'lucasharris@gmail.com', '58731904', 'Rue du Capitaine', 'Rose Hill', '2023-03-29', 'M068'),
('CN112', 'C070', 'Ethan', 'Lopez', 'ethanlopez@gmail.com', '58717542', 'Chemin Benares', 'Bel Air', '2023-03-29', 'M022'),
('CN113', 'C071', 'Emma', 'Campbell', 'emmacampbell@gmail.com', '58723451', 'Avenue de Lorette', 'Grand Baie', '2023-03-29', 'M042'),
('CN114', 'C072', 'Sebastian', 'Foster', 'sebastianfoster@gmail.com', '58764251', 'Route Royale', 'Flic en Flac', '2023-03-29', 'M029'),
('CN115', 'C073', 'Charlotte', 'Lee', 'charlottee@gmail.com', '58738092', 'Avenue Eugène Laurent', 'Port Louis', '2023-03-29', 'M049'),
('CN116', 'C074', 'Isabella', 'Nguyen', 'isabellanguyen@gmail.com', '58789231', 'Rue de la Cure', 'Beau Bassin', '2023-03-29', 'M066'),
('CN117', 'C075', 'Daniel', 'Taylor', 'danieltaylor@gmail.com', '58740928', 'Avenue des Pamplemousses', 'Triolet', '2023-03-29', 'M007'),

('CN118', 'C019', 'Sarah', 'Jones', 'sarahjones@gmail.com', '58796584', 'Rue de L"Eglise', 'Pamplemousses', '2023-03-30', 'M035'),
('CN119', 'C018', 'Emily', 'Johnson', 'emilyjohnson@gmail.com', '54231568', 'Sir Celicourt Antelme St', 'Mahebourg', '2023-03-30', 'M049'),
('CN120', 'C015', 'John', 'Doe', 'johndoe@gmail.com', '58478569', 'St Jean Rd', 'Quatre Bornes', '2023-03-30', 'M014'),
('CN121', 'C023', 'Ava', 'Martinez', 'avamartinez@gmail.com', '59623541', 'Chemin Vingt Pieds', 'Tamarin', '2023-03-30', 'M004'),
('CN122', 'C028', 'William', 'Harris', 'williamharris@gmail.com', '58746521', 'St Jean Rd', 'Quatre Bornes', '2023-03-30', 'M009'),
('CN123', 'C019', 'Sarah', 'Jones', 'sarahjones@gmail.com', '58796584', 'Rue de L"Eglise', 'Pamplemousses', '2023-03-30', 'M055'),
('CN124', 'C017', 'David', 'Smith', 'davidsmith@gmail.com', '57369852', 'Church St', 'Rose Hill', '2023-03-30', 'M073'),
('CN125', 'C021', 'Olivia', 'Wilson', 'oliviawilson@gmail.com', '57489632', 'Rue Dr Edgard Laurette', 'Beau Bassin', '2023-03-30', 'M039'),
('CN126', 'C045', 'Emma', 'White', 'emma.white@gmail.com', '57931245', 'Chemin Vingt Pieds', 'Grand Bay', '2023-03-30', 'M016'),
('CN127', 'C046', 'Oliver', 'Smith', 'oliver.smith@gmail.com', '58092361', 'Rue Georges Guibert', 'Curepipe', '2023-03-30', 'M057'),
('CN128', 'C047', 'Sophia', 'Johnson', 'sophia.johnson@gmail.com', '57781234', 'Rue Saint Pierre', 'Port Louis', '2023-03-30', 'M013'),
('CN129', 'C048', 'Liam', 'Anderson', 'liam.anderson@gmail.com', '58439201', 'Rue Labourdonnais', 'Rose Hill', '2023-03-30', 'M061'),
('CN130', 'C049', 'Ava', 'Brown', 'ava.brown@gmail.com', '58628314', 'Morcellement La Paix', 'Curepipe', '2023-03-30', 'M032'),
('CN131', 'C050', 'William', 'Davis', 'william.davis@gmail.com', '58123985', 'Morcellement St Andre', 'Mahebourg', '2023-03-30', 'M034'),
('CN132', 'C051', 'Isabella', 'Wilson', 'isabella.wilson@gmail.com', '57782468', 'Rue Sainte Anne', 'Port Louis', '2023-03-30', 'M063'),
('CN133', 'C052', 'Mia', 'Miller', 'mia.miller@gmail.com', '58431278', 'Morcellement Bagatelle', 'Moka', '2023-03-30', 'M061'),
('CN134', 'C053', 'James', 'Jones', 'james.jones@gmail.com', '58312457', 'Rue du Colonel Maingard', 'Curepipe', '2023-03-30', 'M027'),
('CN135', 'C054', 'Ethan', 'Garcia', 'ethan.garcia@gmail.com', '58539201', 'Rue Saint Jean', 'Rose Hill', '2023-03-30', 'M057'),
('CN136', 'C055', 'Samantha', 'Lee', 'samantha.lee@gmail.com', '57980432', 'Rue Labourdonnais', 'Port Louis', '2023-03-30', 'M038'),
('CN137', 'C056', 'Oliver', 'Wong', 'oliver.wong@gmail.com', '57812345', 'Chemin Du Poste De Flacq', 'Flacq', '2023-03-30', 'M065'),
('CN138', 'C057', 'Emma', 'Carter', 'emma.carter@gmail.com', '57234567', 'Rue Nicolay', 'Curepipe', '2023-03-30', 'M022'),
('CN139', 'C058', 'Aiden', 'Lewis', 'aiden.lewis@gmail.com', '57567890', 'Rue Suffren', 'Mahebourg', '2023-03-30', 'M036'),
('CN140', 'C059', 'Evelyn', 'Baker', 'evelyn.baker@gmail.com', '57567909', 'Rue Raffray', 'Quatre Bornes', '2023-03-30', 'M041'),
('CN141', 'C060', 'William', 'Chen', 'william.chen@gmail.com', '57678901', 'Rue de l Eglise', 'Vacoas', '2023-03-30', 'M061'),


('CN142', 'C022', 'Liam', 'Garcia', 'liamgarcia@gmail.com', '58746952', 'Royal Rd', 'Moka', '2023-03-31', 'M048'),
('CN143', 'C031', 'James', 'Moore', 'jamesmoore@gmail.com', '58746952', 'Sir Celicourt Antelme St', 'Mahebourg', '2023-03-31', 'M057'),
('CN144', 'C028', 'William', 'Harris', 'williamharris@gmail.com', '58746521', 'St Jean Rd', 'Quatre Bornes', '2023-03-31', 'M072'),
('CN145', 'C029', 'Ethan', 'Martin', 'ethanmartin@gmail.com', '58741236', 'Rue de Labourdonnais', 'Port Louis', '2023-03-31', 'M045'),
('CN146', 'C016', 'Jane', 'Doe', 'janedoe@gmail.com', '59263547', 'Rue de Labourdonnais', 'Port Louis', '2023-03-31', 'M032'),
('CN147', 'C017', 'David', 'Smith', 'davidsmith@gmail.com', '57369852', 'Church St', 'Rose Hill', '2023-03-31', 'M059'),
('CN148', 'C038', 'Greta', 'Green', 'gretagreen@gmail.com', '58746958', 'High Street', 'Rose Hill', '2023-03-31', 'M022'),
('CN149', 'C039', 'Hunter', 'Hayes', 'hunterhayes@gmail.com', '58746959', 'Marechal Leclerc Street', 'Port Louis', '2023-03-31', 'M011'),
('CN150', 'C040', 'Ivy', 'Irwin', 'ivyirwin@gmail.com', '58746960', 'Marine Road', 'Curepipe', '2023-03-31', 'M021'),
('CN151', 'C041', 'Jayden', 'Johnson', 'jaydenjohnson@gmail.com', '58746961', 'Royal Road', 'Quatre Bornes', '2023-03-31', 'M060'),
('CN152', 'C042', 'Kai', 'King', 'kaiking@gmail.com', '58746962', 'Chowry Madoo Road', 'Rose Hill', '2023-03-31', 'M047'),
('CN153', 'C043', 'Lila', 'Lee', 'lilalee@gmail.com', '58746963', 'La Chaussée Street', 'Port Louis', '2023-03-31', 'M017'),
('CN154', 'C043', 'Max', 'Murphy', 'maxmurphy@gmail.com', '58746964', 'Candos Road', 'Curepipe', '2023-03-31', 'M059'),
('CN155', 'C044', 'Nina', 'Nelson', 'ninanelson@gmail.com', '58746965', 'Trianon Shopping Park', 'Quatre Bornes', '2023-03-31', 'M067'),
('CN156', 'C045', 'Emma', 'White', 'emma.white@gmail.com', '57931245', 'Chemin Vingt Pieds', 'Grand Bay', '2023-03-31', 'M057'),

('CN157', 'C022', 'Liam', 'Garcia', 'liamgarcia@gmail.com', '58746952', 'Royal Rd', 'Moka', '2023-04-01', 'M002'),
('CN158', 'C023', 'Ava', 'Martinez', 'avamartinez@gmail.com', '59623541', 'Chemin Vingt Pieds', 'Tamarin', '2023-04-01', 'M049'),
('CN159', 'C028', 'William', 'Harris', 'williamharris@gmail.com', '58746521', 'St Jean Rd', 'Quatre Bornes', '2023-04-01', 'M045'),
('CN160', 'C029', 'Ethan', 'Martin', 'ethanmartin@gmail.com', '58741236', 'Rue de Labourdonnais', 'Port Louis', '2023-04-01', 'M065'),
('CN161', 'C018', 'Emily', 'Johnson', 'emilyjohnson@gmail.com', '54231568', 'Sir Celicourt Antelme St', 'Mahebourg', '2023-04-01', 'M024'),
('CN162', 'C027', 'Sophia', 'White', 'sophiawhite@gmail.com', '57396854', 'Royal Rd', 'Moka', '2023-04-01', 'M053'),
('CN163', 'C048', 'Liam', 'Anderson', 'liam.anderson@gmail.com', '58439201', 'Rue Labourdonnais', 'Rose Hill', '2023-04-01', 'M014'),
('CN164', 'C049', 'Ava', 'Brown', 'ava.brown@gmail.com', '58628314', 'Morcellement La Paix', 'Curepipe', '2023-04-01', 'M008'),
('CN165', 'C050', 'William', 'Davis', 'william.davis@gmail.com', '58123985', 'Morcellement St Andre', 'Mahebourg', '2023-04-01', 'M004'),
('CN166', 'C051', 'Isabella', 'Wilson', 'isabella.wilson@gmail.com', '57782468', 'Rue Sainte Anne', 'Port Louis', '2023-04-01', 'M063'),
('CN167', 'C052', 'Mia', 'Miller', 'mia.miller@gmail.com', '58431278', 'Morcellement Bagatelle', 'Moka', '2023-04-01', 'M059'),
('CN168', 'C053', 'James', 'Jones', 'james.jones@gmail.com', '58312457', 'Rue du Colonel Maingard', 'Curepipe', '2023-04-01', 'M035'),
('CN169', 'C054', 'Ethan', 'Garcia', 'ethan.garcia@gmail.com', '58539201', 'Rue Saint Jean', 'Rose Hill', '2023-04-01', 'M051'),
('CN170', 'C055', 'Samantha', 'Lee', 'samantha.lee@gmail.com', '57980432', 'Rue Labourdonnais', 'Port Louis', '2023-04-01', 'M018'),

('CN171', 'C022', 'Liam', 'Garcia', 'liamgarcia@gmail.com', '58746952', 'Royal Rd', 'Moka', '2023-04-02', 'M018'),
('CN172', 'C031', 'James', 'Moore', 'jamesmoore@gmail.com', '58746952', 'Sir Celicourt Antelme St', 'Mahebourg', '2023-04-02', 'M007'),
('CN173', 'C018', 'Emily', 'Johnson', 'emilyjohnson@gmail.com', '54231568', 'Sir Celicourt Antelme St', 'Mahebourg', '2023-04-02', 'M034'),
('CN174', 'C027', 'Sophia', 'White', 'sophiawhite@gmail.com', '57396854', 'Royal Rd', 'Moka', '2023-04-02', 'M070'),
('CN175', 'C030', 'Emma', 'Thompson', 'emmthompson@gmail.com', '56985623', 'Church St', 'Rose Hill', '2023-04-02', 'M069'),
('CN176', 'C032', 'Avery', 'Baker', 'averybaker@gmail.com', '58746952', 'Royal Road', 'Curepipe', '2023-04-02', 'M073'),
('CN177', 'C033', 'Brielle', 'Black', 'brielleblack@gmail.com', '58746953', 'Royal Road', 'Quatre Bornes', '2023-04-02', 'M005'),
('CN178', 'C034', 'Cameron', 'Brown', 'cameronbrown@gmail.com', '58746954', 'Holland Street', 'Rose Hill', '2023-04-02', 'M017'),
('CN179', 'C035', 'Darcy', 'Davis', 'darcydavis@gmail.com', '58746955', 'China Town', 'Port Louis', '2023-04-02', 'M032'),
('CN180', 'C036', 'Eli', 'Evans', 'elievans@gmail.com', '58746956', 'Queen Street', 'Curepipe', '2023-04-02', 'M061'),
('CN181', 'C037', 'Frankie', 'Foster', 'frankiefoster@gmail.com', '58746957', 'Greenwich Street', 'Quatre Bornes', '2023-04-02', 'M074'),
('CN182', 'C038', 'Greta', 'Green', 'gretagreen@gmail.com', '58746958', 'High Street', 'Rose Hill', '2023-04-02', 'M057'),

('CN183', 'C021', 'Olivia', 'Wilson', 'oliviawilson@gmail.com', '57489632', 'Rue Dr Edgard Laurette', 'Beau Bassin', '2023-04-03', 'M057'),
('CN184', 'C028', 'William', 'Harris', 'williamharris@gmail.com', '58746521', 'St Jean Rd', 'Quatre Bornes', '2023-04-03', 'M032'),
('CN185', 'C027', 'Sophia', 'White', 'sophiawhite@gmail.com', '57396854', 'Royal Rd', 'Moka', '2023-04-03', 'M040'),
('CN186', 'C018', 'Emily', 'Johnson', 'emilyjohnson@gmail.com', '54231568', 'Sir Celicourt Antelme St', 'Mahebourg', '2023-04-03', 'M024'),
('CN187', 'C052', 'Mia', 'Miller', 'mia.miller@gmail.com', '58431278', 'Morcellement Bagatelle', 'Moka', '2023-04-03', 'M029'),
('CN188', 'C053', 'James', 'Jones', 'james.jones@gmail.com', '58312457', 'Rue du Colonel Maingard', 'Curepipe', '2023-04-03', 'M020'),
('CN189', 'C054', 'Ethan', 'Garcia', 'ethan.garcia@gmail.com', '58539201', 'Rue Saint Jean', 'Rose Hill', '2023-04-03', 'M050'),
('CN190', 'C055', 'Samantha', 'Lee', 'samantha.lee@gmail.com', '57980432', 'Rue Labourdonnais', 'Port Louis', '2023-04-03', 'M060'),
('CN191', 'C056', 'Oliver', 'Wong', 'oliver.wong@gmail.com', '57812345', 'Chemin Du Poste De Flacq', 'Flacq', '2023-04-03', 'M005'),
('CN192', 'C057', 'Emma', 'Carter', 'emma.carter@gmail.com', '57234567', 'Rue Nicolay', 'Curepipe', '2023-04-03', 'M045'),
('CN193', 'C058', 'Aiden', 'Lewis', 'aiden.lewis@gmail.com', '57567890', 'Rue Suffren', 'Mahebourg', '2023-04-03', 'M070');





-- Reservation table - 70 rows

INSERT INTO Reservation (reservation_id, CN_id, customer_id, rsv_date, rsv_time, guests_num, staff_id)
VALUES 
('CR001', 'CN001', 'C021', '2023-03-19', '18:30:00', 3, 'SF05'),
('CR002', 'CN002', 'C017', '2023-03-19', '19:00:00', 6, 'SF19'),
('CR003', 'CN003', 'C019', '2023-03-19', '19:30:00', 7, 'SF24'),
('CR004', 'CN004', 'C027', '2023-03-19', '20:00:00', 3, 'SF09'),
('CR005', 'CN005', 'C025', '2023-03-19', '20:30:00', 2, 'SF16'),
('CR006', 'CN006', 'C031', '2023-03-19', '21:00:00', 5, 'SF21'),

('CR007', 'CN012', 'C022', '2023-03-20', '18:30:00', 9, 'SF05'),
('CR008', 'CN013', 'C023', '2023-03-20', '19:00:00', 4, 'SF09'),

('CR009', 'CN020', 'C016', '2023-03-21', '19:30:00', 2, 'SF09'),
('CR010', 'CN021', 'C027', '2023-03-21', '20:00:00', 6, 'SF19'),
('CR011', 'CN022', 'C018', '2023-03-21', '20:30:00', 2, 'SF16'),

('CR012', 'CN027', 'C027', '2023-03-22', '18:00:00', 3, 'SF21'),
('CR013', 'CN028', 'C025', '2023-03-22', '18:30:00', 4, 'SF09'),
('CR014', 'CN029', 'C018', '2023-03-22', '19:00:00', 3, 'SF05'),

('CR015', 'CN037', 'C015', '2023-03-23', '19:30:00', 5, 'SF16'),
('CR016', 'CN038', 'C017', '2023-03-23', '20:00:00', 4, 'SF09'),

('CR017', 'CN045', 'C026', '2023-03-24', '20:30:00', 4, 'SF21'),
('CR018', 'CN046', 'C031', '2023-03-24', '18:00:00', 2, 'SF16'),

('CR019', 'CN054', 'C017', '2023-03-25', '18:30:00', 6, 'SF16'),
('CR020', 'CN055', 'C018', '2023-03-25', '19:00:00', 8, 'SF24'),
('CR021', 'CN056', 'C019', '2023-03-25', '19:30:00', 4, 'SF19'),
('CR022', 'CN057', 'C020', '2023-03-25', '20:00:00', 2, 'SF05'),

('CR023', 'CN062', 'C021', '2023-03-26', '20:30:00', 5, 'SF24'),
('CR024', 'CN063', 'C024', '2023-03-26', '18:00:00', 2, 'SF05'),
('CR025', 'CN064', 'C025', '2023-03-26', '18:30:00', 8, 'SF21'),

('CR026', 'CN071', 'C026', '2023-03-27', '19:00:00', 4, 'SF24'),
('CR027', 'CN072', 'C027', '2023-03-27', '19:30:00', 2, 'SF24'),
('CR028', 'CN073', 'C022', '2023-03-27', '20:00:00', 7, 'SF09'),
('CR029', 'CN074', 'C031', '2023-03-27', '20:30:00', 5, 'SF09'),
('CR030', 'CN075', 'C024', '2023-03-27', '18:00:00', 2, 'SF21'),

('CR031', 'CN085', 'C015', '2023-03-28', '18:30:00', 3, 'SF21'),
('CR032', 'CN086', 'C016', '2023-03-28', '19:00:00', 4, 'SF19'),
('CR033', 'CN087', 'C017', '2023-03-28', '19:30:00', 7, 'SF21'),
('CR034', 'CN088', 'C022', '2023-03-28', '18:30:00', 3, 'SF24'),

('CR035', 'CN098', 'C023', '2023-03-29', '19:00:00', 4, 'SF19'),
('CR036', 'CN099', 'C024', '2023-03-29', '19:30:00', 2, 'SF21'),
('CR037', 'CN100', 'C025', '2023-03-29', '20:00:00', 8, 'SF16'),
('CR038', 'CN101', 'C026', '2023-03-29', '20:30:00', 9, 'SF24'),
('CR039', 'CN102', 'C027', '2023-03-29', '21:00:00', 5, 'SF16'),
('CR040', 'CN103', 'C028', '2023-03-29', '21:30:00', 6, 'SF09'),
('CR041', 'CN104', 'C029', '2023-03-29', '20:30:00', 2, 'SF09'),

('CR042', 'CN118', 'C019', '2023-03-30', '18:00:00', 3, 'SF21'),
('CR043', 'CN119', 'C018', '2023-03-30', '18:30:00', 4, 'SF24'),
('CR044', 'CN120', 'C015', '2023-03-30', '19:00:00', 2, 'SF24'),
('CR045', 'CN121', 'C023', '2023-03-30', '19:30:00', 5, 'SF19'),
('CR046', 'CN122', 'C028', '2023-03-30', '20:00:00', 2, 'SF19'),
('CR047', 'CN123', 'C019', '2023-03-30', '20:30:00', 9, 'SF05'),
('CR048', 'CN124', 'C017', '2023-03-30', '18:00:00', 2, 'SF09'),
('CR049', 'CN125', 'C021', '2023-03-30', '18:30:00', 4, 'SF05'),

('CR050', 'CN142', 'C022', '2023-03-31', '19:00:00', 6, 'SF24'),
('CR051', 'CN143', 'C031', '2023-03-31', '19:30:00', 5, 'SF09'),
('CR052', 'CN144', 'C028', '2023-03-31', '20:00:00', 2, 'SF05'),
('CR053', 'CN145', 'C029', '2023-03-31', '20:30:00', 4, 'SF21'),
('CR054', 'CN146', 'C016', '2023-03-31', '18:00:00', 2, 'SF16'),
('CR055', 'CN147', 'C017', '2023-03-31', '18:30:00', 4, 'SF21'),

('CR056', 'CN157', 'C022', '2023-04-01', '19:00:00', 3, 'SF24'),
('CR057', 'CN158', 'C023', '2023-04-01', '19:30:00', 5, 'SF24'),
('CR058', 'CN159', 'C028', '2023-04-01', '20:00:00', 2, 'SF09'),
('CR059', 'CN160', 'C029', '2023-04-01', '20:30:00', 4, 'SF09'),
('CR060', 'CN161', 'C018', '2023-04-01', '18:00:00', 5, 'SF19'),
('CR061', 'CN162', 'C027', '2023-04-01', '18:30:00', 4, 'SF05'),

('CR062', 'CN171', 'C022', '2023-04-02', '19:00:00', 6, 'SF24'),
('CR063', 'CN172', 'C031', '2023-04-02', '19:30:00', 5, 'SF21'),
('CR064', 'CN173', 'C018', '2023-04-02', '20:00:00', 2, 'SF05'),
('CR065', 'CN174', 'C027', '2023-04-02', '20:30:00', 4, 'SF09'),
('CR066', 'CN175', 'C030', '2023-04-02', '18:00:00', 2, 'SF05'),

('CR067', 'CN183', 'C021', '2023-04-03', '18:30:00', 7, 'SF09'),
('CR068', 'CN184', 'C028', '2023-04-03', '19:00:00', 5, 'SF19'),
('CR069', 'CN185', 'C027', '2023-04-03', '19:30:00', 5, 'SF19'),
('CR070', 'CN186', 'C018', '2023-04-03', '20:00:00', 2, 'SF16');



